id,Text,image
Start,开始游戏,
A0,"你从燃烧的飞机残骸中醒来，身上多处受伤，鲜血喷涌不止。
手上不知何时出现一个笔记本，封皮写着“听从树的指引，在循环往复中寻找出路。”
不知所云。当务之急是处理好身上的伤口。",
A1,"机舱扭曲成废铁，卡在两棵大树之间。你从变形的窗户爬出来，脚踩进松软的落叶里。
外面是热带雨林。
周边并没有可供处理伤口的物品。你靠着残骸坐下来，力气随着血液一点点流走，眼前慢慢暗下去。",
A2,"你用死者的出生日期解开了行李箱的密码锁，用绷带简单包扎了伤口，并拿走了行李箱中的破布。
绷带暂时止住了血液的喷涌，但这维持不了多长时间。
顾不上依然在淌血的伤口，走出残骸，你看见前方有三条岔路。",
A3,"乘客已无气息，你从口袋里搜出一张染血身份证。死者的出生日期吸引了你的视线，但你已经失血过多。临死前，那六个数字仍然在脑中清晰可见。",
B0,"你向西走去，无意中走进了蟒蛇的警戒范围。草丛沙沙作响，一条森蚺盘踞着，吐着信子盯着你。",
B1,"你转身就跑。森蚺从后方袭来，粗壮蛇身缠住了你的腰腹，窒息感瞬间涌来。三秒后，你只能感受到骨头折断的声音。",
B2,"你用凶狠的眼神盯住森蚺，它居然落荒而逃。
灌木丛外，一个和你一样的幸存者低声自言自语着，浑身发颤。他没有注意到你。",
B3,"你刚要靠近，就感觉一颗子弹贯穿了你的腹部。",
B4,"你屏住呼吸，踮着脚离开。没走多远，另一片飞机残骸出现在眼前。
染红的绷带渗出鲜血，你需要迅速找到急救包。",
B5,"你拼命寻找，只摸到一本《求生手册环境篇》。你翻开书页，里面讲述了将布匹浸湿就能有效阻挡毒雾的知识。
没有可以用于止血的东西。
“也许下辈子有用吧。”你瘫倒在地。",
B6,"没有找到急救包，你因失血过多而死。",
B7,"你拼命寻找，只摸到一本《求生手册救援篇》。你翻开书页，里面讲述了野外求生如何使用信号塔呼叫直升机救援的知识。
没有可以用于止血的东西。
“也许下辈子有用吧。”你瘫倒在地。",
B8,"没有找到急救包，你因失血过多而死。",
C0,"你向北方走去，发现一丛色彩鲜艳的浆果。",
C1,"拨开浆果丛，前方一片灰白色的毒雾贴在地面上，像死水一样不动。",
C2,"毒雾涌入口鼻，肺腔不听使唤地收缩。很快你吐出了最后一口气。",
C3,"穿过层层毒雾，你看到地上横躺着一本《求生手册医疗篇》。里面讲述了如何救助失血过多的伤者。
很快你来到了分岔路口，向左走还是向右走？",
C4,"你向左走，一个男人手持棍棒，恶狠狠地盯着你。你很清楚，需要武器才能与之搏斗。",
C5,"你试着跟他说话，刚开口，他大吼一声扑了过来。棍棒打中腹部，你吃痛倒下。接下来的一棒直中面门，你眼前一黑，失去了知觉。",
C6,"你拿出手术刀，他大吼一声扑了过来。棍棒砸在身上，你无暇顾及疼痛，将刀刃刺入他的脖颈。
在他温热的尸体上，你搜出了信号塔的电台密码。",
C7,"天色暗下来，树林里的光一点点收走。你还在走，但腿已经迈不动了。树和树之间全是差不多的样子，没有路，也没有尽头。
你靠着树干坐下来，不想再动了。等死。",
C8,"你向右边走去，一抹鲜艳的颜色引起了你的警觉。
箭毒蛙挡住了你的去路。",
D0,"你向东走，潺潺的流水声吸引了你的注意。
那是一条小溪。
伤口处隐隐刺痛，仍在不断渗出鲜血，你面临着一个选择。",
D1,"你决定在溪水处清洗伤口，但当你解开绷带的时候，动脉血喷涌而出。你知道你做出了错误的选择。",
D2,"穿过小溪，在松软的草地上，一个锃亮的急救箱半开着。
看到救命稻草，你扑了上去，手忙脚乱地打开了急救箱。
万幸，里面真的有止血带和药物。经过仔细的处理，你确信自己已经完全止住了血。
锋利的手术刀吸引了你的注意力。“带上吧，或许有用。”
合上急救箱，眼前呈现出两条路。",
D3,"又是一处分岔路口。",
D4,"泥路越走越软，很快你就后悔了。前面还有路，但走着走着，双腿就陷进地里拔不出来。你低头看，脚边的地面不断冒出气泡。
这不是路，是沼泽。",
D5,"穿过树木丛生的小路，一颗高大的树吸引了你的注意。树上挂着一个个饱满的坚果，饱受饥饿折磨的你面临着一个选择。",
D6,"你顺着树干往上爬，枝丫越来越细，手里的树皮有些湿滑。够到那串坚果的时候，脚下一空，树枝断了。
你狠狠摔在地上，旧伤被崩裂开来，这次你不可能止住血了。",
D7,"你绕过坚果树，继续向前走。植被越来越密，树和树挤在一起，藤蔓挂在头顶，遮天蔽日。回头看，来时的路已经分不清是哪条了。",
D8,"你迷失了。在迷雾中等待着死亡。",
E0,"灌木后面有个人靠着石头坐着，一条腿伸在面前，裤腿被血浸透了。她抬头看你，随后又无力地低下头去。",
E1,"小心穿过一片片尖刺，你看到面前的荆棘丛里卡着一个反光物件。",
E2,"你来到一处难以分辨位置的树林。",
E3,"你凭借求生手册上的知识处理好他的骨折伤。他十分感激地告诉了你信号塔的位置，并建议你立刻前往。",
E4,"直觉果然不可靠。你迷失了，在迷雾中等待着死亡。",
E5,"你成功来到信号塔前。
铁塔立在一片空地上，锈迹爬满了底座。操作台的面板碎了，电池的位置空空如也。电台被一个密码锁锁住。整个装置非常复杂，没有相关知识无法使用。
你很清楚。只要激活这个仪器，你就可以呼叫直升机救援，逃出这个鬼地方。",
E6,"你尝试了所有方法，但都是徒劳。砸不开，撬不动，密码猜不到。
“就差一点。”你靠着铁塔坐下来，就这么坐着，直到最后一丝体温从身体里逃走。",
End,"你输入密码，给电台装上电池，按照求生手册上说的方法呼叫了直升机救援。
你靠着铁塔坐下来，就这么坐着。铁塔在风中摇晃，吱呀作响。
终于，远处传来轰隆隆的声音。一架直升机从树梢上方冒出来，旋翼卷起的风把树叶卷起又吹散。
得救了。
“听从树的指引，在循环往复中寻找出路。”回头望向身后层层叠叠的树，风吹过来，你打了个寒战，就好像自己死过一样。"